epoch,loss,weight_stage1_L1_acc,weight_stage1_L1_loss,weight_stage1_L2_acc,weight_stage1_L2_loss
0,1962.6314355684126,0.22296760252462233,807.108934984371,0.26152190695973804,1153.6741897714558
